{"cameraMode":{"drawMode":0,"name":"Shaded","section":"Shading Mode"},"sceneLighting":false,"audioPlay":false,"sceneViewState":{"showFog":true,"showMaterialUpdate":false,"showSkybox":false,"showFlares":true,"showImageEffects":true,"showParticleSystems":true},"in2DMode":false,"pivot":{"x":-0.12082946300506592,"y":-0.07074004411697388,"z":0.6340833902359009},"rotation":{"x":-0.14469048380851746,"y":0.8020333647727966,"z":-0.21577289700508119,"w":-0.5378185510635376},"size":1.585737705230713,"orthographic":false}